ID,unfiltered,filtered,depth_mean,depth_std,group
SRR25023305_1_val_1_bismark_bt2_pe.bismark.cov,1353,1017,1244.7916666666667,1584.8730834978614,cases
SRR25023304_1_val_1_bismark_bt2_pe.bismark.cov,1185,851,1006.0269461077844,1174.4442155708985,cases
SRR25023303_1_val_1_bismark_bt2_pe.bismark.cov,1160,817,1226.332361516035,1403.7631901040822,cases
SRR25023302_1_val_1_bismark_bt2_pe.bismark.cov,1514,1171,1206.3206997084549,1439.2941950455809,cases
SRR25023301_1_val_1_bismark_bt2_pe.bismark.cov,1115,770,1063.08115942029,1195.7151573765582,cases
